[{"model": "backend.imagestore", "pk": 8, "fields": {"public_id": "e942d216-0f17-40c1-99ae-7d07f695dd70", "image_file": "gallery/boy_on_a_sea_with_bicycle.webp", "source": "HUMAN", "generation_prompt": "", "embedding_vector": null, "width": 800, "height": 527, "created_at": "2026-04-01T05:45:08.041Z"}}, {"model": "backend.imagestore", "pk": 9, "fields": {"public_id": "0eceb16c-3fbe-4e0b-a78f-9bfaf4fc9d30", "image_file": "gallery/boy_on_a_sea_with_bicycle_QOrC6uW.webp", "source": "HUMAN", "generation_prompt": "", "embedding_vector": null, "width": 800, "height": 527, "created_at": "2026-04-01T05:46:59.870Z"}}, {"model": "backend.imagestore", "pk": 10, "fields": {"public_id": "93e2f769-d88f-48f9-bcbe-57f12531e6b2", "image_file": "gallery/boy_on_a_sea_with_bicycle_083E3v9.webp", "source": "HUMAN", "generation_prompt": "", "embedding_vector": null, "width": 800, "height": 527, "created_at": "2026-04-01T05:52:41.315Z"}}, {"model": "backend.imagestore", "pk": 11, "fields": {"public_id": "7f7b0d20-fe70-41c5-91fe-119b48978e3e", "image_file": "gallery/boy_on_a_sea_with_bicycle_1kBsiLF.webp", "source": "HUMAN", "generation_prompt": "", "embedding_vector": null, "width": 800, "height": 527, "created_at": "2026-04-01T05:56:22.665Z"}}, {"model": "backend.imagestore", "pk": 12, "fields": {"public_id": "2ecc3709-655c-4018-b72e-93e559831ea9", "image_file": "gallery/boy_on_a_sea_with_bicycle_IB8nJuD.webp", "source": "HUMAN", "generation_prompt": "", "embedding_vector": null, "width": 800, "height": 527, "created_at": "2026-04-01T20:57:36.207Z"}}, {"model": "backend.imagestore", "pk": 13, "fields": {"public_id": "07b13ada-1358-4c9f-a9c2-b726f6f16e69", "image_file": "gallery/boy_on_a_sea_with_bicycle_czBvg6c.webp", "source": "HUMAN", "generation_prompt": "", "embedding_vector": null, "width": 800, "height": 527, "created_at": "2026-04-01T21:02:17.692Z"}}, {"model": "backend.imagestore", "pk": 14, "fields": {"public_id": "6629a951-50a6-4ad3-93ed-2b69e025f589", "image_file": "gallery/boy_on_a_sea_with_bicycle_jADvo5p.webp", "source": "HUMAN", "generation_prompt": "", "embedding_vector": null, "width": 800, "height": 527, "created_at": "2026-04-01T21:24:22.780Z"}}, {"model": "backend.imagestore", "pk": 15, "fields": {"public_id": "3ec6ffbb-19c9-4ee9-bf0e-622796299f76", "image_file": "gallery/boy_on_a_sea_with_bicycle_o9U1ZRg.webp", "source": "HUMAN", "generation_prompt": "", "embedding_vector": null, "width": 800, "height": 527, "created_at": "2026-04-01T21:30:01.000Z"}}, {"model": "backend.imagestore", "pk": 16, "fields": {"public_id": "38beaf77-0446-492f-9c70-8e27844c1746", "image_file": "gallery/boy_on_a_sea_with_bicycle_1uc2n7E.webp", "source": "HUMAN", "generation_prompt": "", "embedding_vector": null, "width": 800, "height": 527, "created_at": "2026-04-01T21:45:28.299Z"}}, {"model": "backend.imagestore", "pk": 17, "fields": {"public_id": "e31f8ff3-f93c-4db1-893f-2181a5d9c55e", "image_file": "gallery/boy_on_a_sea_with_bicycle_7biIjI0.webp", "source": "HUMAN", "generation_prompt": "", "embedding_vector": null, "width": 800, "height": 527, "created_at": "2026-04-01T21:47:48.530Z"}}, {"model": "backend.imagestore", "pk": 18, "fields": {"public_id": "c3bfb44a-da2f-4e95-8475-46cb3dcc839a", "image_file": "gallery/boy_on_a_sea_with_bicycle_4KG3b5B.webp", "source": "HUMAN", "generation_prompt": "", "embedding_vector": null, "width": 800, "height": 527, "created_at": "2026-04-01T21:50:50.115Z"}}, {"model": "backend.imagestore", "pk": 19, "fields": {"public_id": "e8451d52-124c-41d7-8514-a81bff17c4cc", "image_file": "gallery/boy_on_a_sea_with_bicycle_FXFzBTR.webp", "source": "HUMAN", "generation_prompt": "", "embedding_vector": null, "width": 800, "height": 527, "created_at": "2026-04-01T22:16:51.721Z"}}, {"model": "backend.imagestore", "pk": 20, "fields": {"public_id": "530a9061-59d7-4ae8-ba50-0cd8bfb15281", "image_file": "gallery/boy_on_a_sea_with_bicycle_7LCoCdp.webp", "source": "HUMAN", "generation_prompt": "", "embedding_vector": null, "width": 800, "height": 527, "created_at": "2026-04-01T22:51:09.889Z"}}, {"model": "backend.imagestore", "pk": 21, "fields": {"public_id": "d9bb8967-cd88-44e9-ad4e-e8ffc51074c7", "image_file": "gallery/boy_on_a_sea_with_bicycle_KqgSWGR.webp", "source": "HUMAN", "generation_prompt": "", "embedding_vector": null, "width": 800, "height": 527, "created_at": "2026-04-01T22:52:25.642Z"}}, {"model": "backend.imagestore", "pk": 22, "fields": {"public_id": "326d31f9-0815-44d8-ae29-80e5520580e2", "image_file": "gallery/image_of_sourav_das_eating.jpg", "source": "HUMAN", "generation_prompt": "", "embedding_vector": null, "width": 686, "height": 386, "created_at": "2026-04-01T23:04:48.795Z"}}, {"model": "backend.imagestore", "pk": 23, "fields": {"public_id": "a64c84fd-222c-4f5b-8188-b5510d8ffd53", "image_file": "gallery/image_of_sourav_das_eating_YARUqzF.jpg", "source": "HUMAN", "generation_prompt": "", "embedding_vector": null, "width": 686, "height": 386, "created_at": "2026-04-01T23:06:18.925Z"}}, {"model": "backend.imagestore", "pk": 24, "fields": {"public_id": "4cff3322-11eb-42e7-a2e3-2b9216a13665", "image_file": "gallery/image_of_sourav_das_eating_JdJDPrO.jpg", "source": "HUMAN", "generation_prompt": "", "embedding_vector": null, "width": 686, "height": 386, "created_at": "2026-04-01T23:14:06.549Z"}}, {"model": "backend.imagestore", "pk": 25, "fields": {"public_id": "9da621f6-9c8a-49ad-a34d-886274ffcae1", "image_file": "gallery/bus_full_of_passangers.avif", "source": "HUMAN", "generation_prompt": "", "embedding_vector": null, "width": 1280, "height": 720, "created_at": "2026-04-01T23:17:36.541Z"}}, {"model": "backend.imagestore", "pk": 26, "fields": {"public_id": "21eea011-4106-4d0d-970e-f8cedcbc1bde", "image_file": "gallery/bus_full_of_passangers_mEmoNOL.avif", "source": "HUMAN", "generation_prompt": "", "embedding_vector": null, "width": 1280, "height": 720, "created_at": "2026-04-01T23:22:39.376Z"}}, {"model": "backend.imagestore", "pk": 27, "fields": {"public_id": "d5dc90fc-4bdb-4757-b1bb-3bad808ab545", "image_file": "gallery/bus_full_of_passangers_5YGYmAo.avif", "source": "HUMAN", "generation_prompt": "", "embedding_vector": null, "width": 1280, "height": 720, "created_at": "2026-04-01T23:26:32.508Z"}}, {"model": "backend.imagestore", "pk": 28, "fields": {"public_id": "98669c25-d4b6-4e7c-97bc-70fe52d5fad3", "image_file": "gallery/bus_full_of_passangers_gUmvTBT.avif", "source": "HUMAN", "generation_prompt": "", "embedding_vector": null, "width": 1280, "height": 720, "created_at": "2026-04-01T23:28:44.327Z"}}, {"model": "backend.imagestore", "pk": 29, "fields": {"public_id": "d2dcc696-243b-4808-929e-6e98bdb9a2bc", "image_file": "gallery/bike_beachh_dog.jfif", "source": "HUMAN", "generation_prompt": "", "embedding_vector": null, "width": 283, "height": 178, "created_at": "2026-04-01T23:39:45.945Z"}}, {"model": "backend.imagestore", "pk": 30, "fields": {"public_id": "ae2e8f1c-03c9-457a-a1ff-1c0669a5b923", "image_file": "gallery/bike_beachh_dog.png", "source": "HUMAN", "generation_prompt": "", "embedding_vector": null, "width": 283, "height": 178, "created_at": "2026-04-01T23:40:16.683Z"}}, {"model": "backend.imagestore", "pk": 31, "fields": {"public_id": "0c16bb33-0654-453d-9d2b-0d8289e77880", "image_file": "gallery/office-man.png", "source": "HUMAN", "generation_prompt": "", "embedding_vector": null, "width": 493, "height": 280, "created_at": "2026-04-03T23:22:09.264Z"}}, {"model": "backend.tag", "pk": 1, "fields": {"name": "abstract"}}, {"model": "backend.tag", "pk": 2, "fields": {"name": "image"}}, {"model": "backend.tag", "pk": 3, "fields": {"name": "person"}}, {"model": "backend.tag", "pk": 4, "fields": {"name": "bicycle"}}, {"model": "backend.tag", "pk": 5, "fields": {"name": "vase"}}, {"model": "backend.tag", "pk": 6, "fields": {"name": "bottle"}}, {"model": "backend.tag", "pk": 7, "fields": {"name": "refrigerator"}}, {"model": "backend.tag", "pk": 8, "fields": {"name": "cup"}}, {"model": "backend.tag", "pk": 9, "fields": {"name": "tie"}}, {"model": "backend.tag", "pk": 10, "fields": {"name": "clothing"}}, {"model": "backend.tag", "pk": 11, "fields": {"name": "vehicle"}}, {"model": "backend.tag", "pk": 12, "fields": {"name": "backpack"}}, {"model": "backend.tag", "pk": 15, "fields": {"name": "rock"}}, {"model": "backend.tag", "pk": 16, "fields": {"name": "and other debris in the field"}}, {"model": "backend.tag", "pk": 17, "fields": {"name": "sand"}}, {"model": "backend.tag", "pk": 18, "fields": {"name": "gravel"}}, {"model": "backend.tag", "pk": 19, "fields": {"name": "water"}}, {"model": "backend.tag", "pk": 20, "fields": {"name": "rocks"}}, {"model": "backend.tag", "pk": 21, "fields": {"name": "dirt"}}, {"model": "backend.tag", "pk": 22, "fields": {"name": "bike"}}, {"model": "backend.tag", "pk": 23, "fields": {"name": "bowl"}}, {"model": "backend.tag", "pk": 24, "fields": {"name": "coastal"}}, {"model": "backend.tag", "pk": 25, "fields": {"name": "bowlful"}}, {"model": "backend.tag", "pk": 26, "fields": {"name": "truck"}}, {"model": "backend.tag", "pk": 27, "fields": {"name": "bus"}}, {"model": "backend.tag", "pk": 28, "fields": {"name": "hand truck"}}, {"model": "backend.tag", "pk": 29, "fields": {"name": "dog"}}, {"model": "backend.tag", "pk": 30, "fields": {"name": "laptop"}}, {"model": "backend.tag", "pk": 31, "fields": {"name": "chair"}}, {"model": "backend.imagetag", "pk": 17, "fields": {"image": 8, "tag": 3, "confidence_score": 0.9178593754768372}}, {"model": "backend.imagetag", "pk": 18, "fields": {"image": 8, "tag": 4, "confidence_score": 0.788398027420044}}, {"model": "backend.imagetag", "pk": 19, "fields": {"image": 8, "tag": 11, "confidence_score": 0.7095582246780395}}, {"model": "backend.imagetag", "pk": 20, "fields": {"image": 8, "tag": 12, "confidence_score": 0.5932827591896057}}, {"model": "backend.imagetag", "pk": 21, "fields": {"image": 10, "tag": 3, "confidence_score": 0.9178593754768372}}, {"model": "backend.imagetag", "pk": 22, "fields": {"image": 10, "tag": 4, "confidence_score": 0.788398027420044}}, {"model": "backend.imagetag", "pk": 23, "fields": {"image": 10, "tag": 11, "confidence_score": 0.7095582246780395}}, {"model": "backend.imagetag", "pk": 24, "fields": {"image": 10, "tag": 12, "confidence_score": 0.5932827591896057}}, {"model": "backend.imagetag", "pk": 26, "fields": {"image": 11, "tag": 3, "confidence_score": 0.9178593754768372}}, {"model": "backend.imagetag", "pk": 27, "fields": {"image": 11, "tag": 4, "confidence_score": 0.788398027420044}}, {"model": "backend.imagetag", "pk": 28, "fields": {"image": 11, "tag": 11, "confidence_score": 0.7095582246780395}}, {"model": "backend.imagetag", "pk": 29, "fields": {"image": 11, "tag": 12, "confidence_score": 0.5932827591896057}}, {"model": "backend.imagetag", "pk": 30, "fields": {"image": 11, "tag": 15, "confidence_score": 0.85}}, {"model": "backend.imagetag", "pk": 31, "fields": {"image": 11, "tag": 16, "confidence_score": 0.85}}, {"model": "backend.imagetag", "pk": 32, "fields": {"image": 11, "tag": 17, "confidence_score": 0.85}}, {"model": "backend.imagetag", "pk": 33, "fields": {"image": 11, "tag": 18, "confidence_score": 0.85}}, {"model": "backend.imagetag", "pk": 34, "fields": {"image": 11, "tag": 19, "confidence_score": 0.85}}, {"model": "backend.imagetag", "pk": 35, "fields": {"image": 11, "tag": 20, "confidence_score": 0.85}}, {"model": "backend.imagetag", "pk": 36, "fields": {"image": 11, "tag": 21, "confidence_score": 0.85}}, {"model": "backend.imagetag", "pk": 37, "fields": {"image": 13, "tag": 3, "confidence_score": 0.95}}, {"model": "backend.imagetag", "pk": 38, "fields": {"image": 13, "tag": 4, "confidence_score": 0.95}}, {"model": "backend.imagetag", "pk": 39, "fields": {"image": 13, "tag": 12, "confidence_score": 0.95}}, {"model": "backend.imagetag", "pk": 40, "fields": {"image": 14, "tag": 4, "confidence_score": 0.95}}, {"model": "backend.imagetag", "pk": 41, "fields": {"image": 14, "tag": 3, "confidence_score": 0.95}}, {"model": "backend.imagetag", "pk": 42, "fields": {"image": 14, "tag": 12, "confidence_score": 0.95}}, {"model": "backend.imagetag", "pk": 43, "fields": {"image": 14, "tag": 22, "confidence_score": 0.85}}, {"model": "backend.imagetag", "pk": 44, "fields": {"image": 15, "tag": 12, "confidence_score": 0.95}}, {"model": "backend.imagetag", "pk": 45, "fields": {"image": 15, "tag": 3, "confidence_score": 0.95}}, {"model": "backend.imagetag", "pk": 46, "fields": {"image": 15, "tag": 4, "confidence_score": 0.95}}, {"model": "backend.imagetag", "pk": 47, "fields": {"image": 16, "tag": 4, "confidence_score": 0.95}}, {"model": "backend.imagetag", "pk": 48, "fields": {"image": 16, "tag": 12, "confidence_score": 0.95}}, {"model": "backend.imagetag", "pk": 49, "fields": {"image": 16, "tag": 3, "confidence_score": 0.95}}, {"model": "backend.imagetag", "pk": 50, "fields": {"image": 16, "tag": 22, "confidence_score": 0.85}}, {"model": "backend.imagetag", "pk": 51, "fields": {"image": 17, "tag": 3, "confidence_score": 0.95}}, {"model": "backend.imagetag", "pk": 52, "fields": {"image": 17, "tag": 4, "confidence_score": 0.95}}, {"model": "backend.imagetag", "pk": 53, "fields": {"image": 17, "tag": 12, "confidence_score": 0.95}}, {"model": "backend.imagetag", "pk": 54, "fields": {"image": 18, "tag": 4, "confidence_score": 0.95}}, {"model": "backend.imagetag", "pk": 55, "fields": {"image": 18, "tag": 12, "confidence_score": 0.95}}, {"model": "backend.imagetag", "pk": 56, "fields": {"image": 18, "tag": 3, "confidence_score": 0.95}}, {"model": "backend.imagetag", "pk": 57, "fields": {"image": 19, "tag": 3, "confidence_score": 0.95}}, {"model": "backend.imagetag", "pk": 58, "fields": {"image": 19, "tag": 4, "confidence_score": 0.95}}, {"model": "backend.imagetag", "pk": 59, "fields": {"image": 19, "tag": 12, "confidence_score": 0.95}}, {"model": "backend.imagetag", "pk": 60, "fields": {"image": 19, "tag": 22, "confidence_score": 0.85}}, {"model": "backend.imagetag", "pk": 61, "fields": {"image": 21, "tag": 3, "confidence_score": 0.95}}, {"model": "backend.imagetag", "pk": 62, "fields": {"image": 21, "tag": 4, "confidence_score": 0.95}}, {"model": "backend.imagetag", "pk": 63, "fields": {"image": 21, "tag": 12, "confidence_score": 0.95}}, {"model": "backend.imagetag", "pk": 64, "fields": {"image": 22, "tag": 3, "confidence_score": 0.95}}, {"model": "backend.imagetag", "pk": 65, "fields": {"image": 22, "tag": 23, "confidence_score": 0.95}}, {"model": "backend.imagetag", "pk": 66, "fields": {"image": 22, "tag": 24, "confidence_score": 0.85}}, {"model": "backend.imagetag", "pk": 67, "fields": {"image": 22, "tag": 25, "confidence_score": 0.85}}, {"model": "backend.imagetag", "pk": 68, "fields": {"image": 23, "tag": 3, "confidence_score": 0.95}}, {"model": "backend.imagetag", "pk": 69, "fields": {"image": 23, "tag": 23, "confidence_score": 0.95}}, {"model": "backend.imagetag", "pk": 70, "fields": {"image": 23, "tag": 25, "confidence_score": 0.85}}, {"model": "backend.imagetag", "pk": 71, "fields": {"image": 24, "tag": 3, "confidence_score": 0.95}}, {"model": "backend.imagetag", "pk": 72, "fields": {"image": 24, "tag": 23, "confidence_score": 0.95}}, {"model": "backend.imagetag", "pk": 73, "fields": {"image": 24, "tag": 25, "confidence_score": 0.85}}, {"model": "backend.imagetag", "pk": 74, "fields": {"image": 25, "tag": 26, "confidence_score": 0.95}}, {"model": "backend.imagetag", "pk": 75, "fields": {"image": 25, "tag": 3, "confidence_score": 0.95}}, {"model": "backend.imagetag", "pk": 76, "fields": {"image": 25, "tag": 27, "confidence_score": 0.95}}, {"model": "backend.imagetag", "pk": 77, "fields": {"image": 26, "tag": 26, "confidence_score": 0.95}}, {"model": "backend.imagetag", "pk": 78, "fields": {"image": 26, "tag": 27, "confidence_score": 0.95}}, {"model": "backend.imagetag", "pk": 79, "fields": {"image": 26, "tag": 3, "confidence_score": 0.95}}, {"model": "backend.imagetag", "pk": 80, "fields": {"image": 26, "tag": 28, "confidence_score": 0.85}}, {"model": "backend.imagetag", "pk": 81, "fields": {"image": 27, "tag": 26, "confidence_score": 0.95}}, {"model": "backend.imagetag", "pk": 82, "fields": {"image": 27, "tag": 27, "confidence_score": 0.95}}, {"model": "backend.imagetag", "pk": 83, "fields": {"image": 27, "tag": 3, "confidence_score": 0.95}}, {"model": "backend.imagetag", "pk": 84, "fields": {"image": 28, "tag": 3, "confidence_score": 0.95}}, {"model": "backend.imagetag", "pk": 85, "fields": {"image": 28, "tag": 27, "confidence_score": 0.95}}, {"model": "backend.imagetag", "pk": 86, "fields": {"image": 28, "tag": 26, "confidence_score": 0.95}}, {"model": "backend.imagetag", "pk": 87, "fields": {"image": 28, "tag": 28, "confidence_score": 0.85}}, {"model": "backend.imagetag", "pk": 88, "fields": {"image": 30, "tag": 4, "confidence_score": 0.95}}, {"model": "backend.imagetag", "pk": 89, "fields": {"image": 30, "tag": 29, "confidence_score": 0.95}}, {"model": "backend.imagetag", "pk": 90, "fields": {"image": 30, "tag": 22, "confidence_score": 0.85}}, {"model": "backend.imagetag", "pk": 91, "fields": {"image": 31, "tag": 30, "confidence_score": 0.95}}, {"model": "backend.imagetag", "pk": 92, "fields": {"image": 31, "tag": 31, "confidence_score": 0.95}}, {"model": "backend.imagetag", "pk": 93, "fields": {"image": 31, "tag": 3, "confidence_score": 0.95}}, {"model": "backend.caption", "pk": 7, "fields": {"image": 8, "text": "a", "confidence_score": null, "is_primary": true, "created_at": "2026-04-01T05:45:09.644Z"}}, {"model": "backend.caption", "pk": 8, "fields": {"image": 10, "text": "a", "confidence_score": null, "is_primary": true, "created_at": "2026-04-01T05:52:48.976Z"}}, {"model": "backend.caption", "pk": 9, "fields": {"image": 11, "text": "a", "confidence_score": null, "is_primary": true, "created_at": "2026-04-01T05:56:25.904Z"}}, {"model": "backend.caption", "pk": 10, "fields": {"image": 13, "text": "a", "confidence_score": null, "is_primary": true, "created_at": "2026-04-01T21:02:23.839Z"}}, {"model": "backend.caption", "pk": 11, "fields": {"image": 21, "text": "a photography of a boy on a bike on the beach stock footage", "confidence_score": 0.6794782280921936, "is_primary": true, "created_at": "2026-04-01T22:52:50.242Z"}}, {"model": "backend.caption", "pk": 12, "fields": {"image": 21, "text": "a photography of a boy on a bike on the beach stock footage.\n\n\n\n\"They were like: 'Oh my God, I'm", "confidence_score": 0.3204709589481354, "is_primary": false, "created_at": "2026-04-01T22:52:50.265Z"}}, {"model": "backend.caption", "pk": 13, "fields": {"image": 21, "text": "As a photographer, I was lucky to receive one of the coolest pictures I've ever seen.\n\n\n\"This was a fun time and a", "confidence_score": 4.916631951346062e-05, "is_primary": false, "created_at": "2026-04-01T22:52:50.275Z"}}, {"model": "backend.caption", "pk": 14, "fields": {"image": 21, "text": "", "confidence_score": 1.3388454362939228e-06, "is_primary": false, "created_at": "2026-04-01T22:52:50.283Z"}}, {"model": "backend.caption", "pk": 15, "fields": {"image": 21, "text": "\"I came here to help build a new life.\" (H/T: hd)", "confidence_score": 2.542438153341209e-07, "is_primary": false, "created_at": "2026-04-01T22:52:50.291Z"}}, {"model": "backend.caption", "pk": 16, "fields": {"image": 23, "text": "The person as he is being carried out by a large group", "confidence_score": 0.5, "is_primary": true, "created_at": "2026-04-01T23:06:25.115Z"}}, {"model": "backend.caption", "pk": 17, "fields": {"image": 24, "text": "The bowlful is the perfect bowl to serve as a simple and satisfying breakfast", "confidence_score": 0.5, "is_primary": true, "created_at": "2026-04-01T23:14:12.277Z"}}, {"model": "backend.caption", "pk": 18, "fields": {"image": 25, "text": "A truck with person", "confidence_score": 0.9, "is_primary": false, "created_at": "2026-04-01T23:18:27.065Z"}}, {"model": "backend.caption", "pk": 19, "fields": {"image": 28, "text": "An image showing several people on top of a bus", "confidence_score": 0.5363481640815735, "is_primary": true, "created_at": "2026-04-01T23:29:14.133Z"}}, {"model": "backend.caption", "pk": 20, "fields": {"image": 28, "text": "A photograph of several people on top of a bus", "confidence_score": 0.3905467092990875, "is_primary": false, "created_at": "2026-04-01T23:29:14.158Z"}}, {"model": "backend.caption", "pk": 21, "fields": {"image": 28, "text": "A close up of people sitting on top of a bus", "confidence_score": 0.07310508191585541, "is_primary": false, "created_at": "2026-04-01T23:29:14.180Z"}}, {"model": "backend.caption", "pk": 22, "fields": {"image": 30, "text": "A close up of a person on a bike and a dog on the beach", "confidence_score": 0.5063264966011047, "is_primary": true, "created_at": "2026-04-01T23:40:57.273Z"}}, {"model": "backend.caption", "pk": 23, "fields": {"image": 30, "text": "A photograph of taken in black and white, with a dog on the beach and a person riding a bike", "confidence_score": 0.42602822184562683, "is_primary": false, "created_at": "2026-04-01T23:40:57.283Z"}}, {"model": "backend.caption", "pk": 24, "fields": {"image": 30, "text": "An image showing people and a dog on the beach", "confidence_score": 0.06707988679409027, "is_primary": false, "created_at": "2026-04-01T23:40:57.292Z"}}, {"model": "backend.caption", "pk": 25, "fields": {"image": 30, "text": "Black and white photo of a dog on the beach", "confidence_score": 0.0005135468672960997, "is_primary": false, "created_at": "2026-04-01T23:40:57.298Z"}}, {"model": "backend.caption", "pk": 26, "fields": {"image": 30, "text": "A scenic view of the ocean", "confidence_score": 5.1877868827432394e-05, "is_primary": false, "created_at": "2026-04-01T23:40:57.307Z"}}, {"model": "backend.caption", "pk": 27, "fields": {"image": 31, "text": "A photograph of businessman working on his laptop in an office", "confidence_score": 0.5, "is_primary": true, "created_at": "2026-04-03T23:22:17.224Z"}}, {"model": "backend.caption", "pk": 28, "fields": {"image": 31, "text": "An image showing businessman working on his laptop in the office", "confidence_score": 0.5, "is_primary": false, "created_at": "2026-04-03T23:22:17.237Z"}}, {"model": "backend.caption", "pk": 29, "fields": {"image": 31, "text": "A close up of a young man working on a laptop in an office", "confidence_score": 0.5, "is_primary": false, "created_at": "2026-04-03T23:22:17.244Z"}}, {"model": "backend.caption", "pk": 30, "fields": {"image": 31, "text": "A scenic view of a young businessman working on his laptop in an office", "confidence_score": 0.5, "is_primary": false, "created_at": "2026-04-03T23:22:17.251Z"}}, {"model": "backend.caption", "pk": 31, "fields": {"image": 31, "text": "A man sitting at his desk using a laptop computer", "confidence_score": 0.5, "is_primary": false, "created_at": "2026-04-03T23:22:17.257Z"}}, {"model": "admin.logentry", "pk": 1, "fields": {"action_time": "2026-03-31T20:48:08.204Z", "user": 1, "content_type": 4, "object_id": "1", "object_repr": "abstract", "action_flag": 1, "change_message": "[{\"added\": {}}]"}}, {"model": "admin.logentry", "pk": 2, "fields": {"action_time": "2026-03-31T20:48:22.171Z", "user": 1, "content_type": 4, "object_id": "2", "object_repr": "image", "action_flag": 1, "change_message": "[{\"added\": {}}]"}}, {"model": "admin.logentry", "pk": 3, "fields": {"action_time": "2026-03-31T20:48:40.785Z", "user": 1, "content_type": 2, "object_id": "1", "object_repr": "Image 4a6020d2-6f9b-4ba0-8bdc-38b2a959858e (HUMAN)", "action_flag": 1, "change_message": "[{\"added\": {}}, {\"added\": {\"name\": \"image tag\", \"object\": \"ImageTag object (1)\"}}, {\"added\": {\"name\": \"image tag\", \"object\": \"ImageTag object (2)\"}}, {\"added\": {\"name\": \"caption\", \"object\": \"Caption object (1)\"}}]"}}, {"model": "admin.logentry", "pk": 4, "fields": {"action_time": "2026-03-31T22:42:37.919Z", "user": 1, "content_type": 2, "object_id": "3", "object_repr": "Image ff040e85-5135-43eb-b9ee-914fc2b901b1 (HUMAN)", "action_flag": 3, "change_message": ""}}, {"model": "admin.logentry", "pk": 5, "fields": {"action_time": "2026-03-31T22:42:53.480Z", "user": 1, "content_type": 2, "object_id": "1", "object_repr": "Image 4a6020d2-6f9b-4ba0-8bdc-38b2a959858e (HUMAN)", "action_flag": 3, "change_message": ""}}, {"model": "admin.logentry", "pk": 6, "fields": {"action_time": "2026-04-01T05:39:07.625Z", "user": 1, "content_type": 2, "object_id": "6", "object_repr": "Image 502d37dd-aab1-4b6b-b4d7-03ee5a66c91c (HUMAN)", "action_flag": 3, "change_message": ""}}, {"model": "admin.logentry", "pk": 7, "fields": {"action_time": "2026-04-01T05:39:16.815Z", "user": 1, "content_type": 2, "object_id": "5", "object_repr": "Image c90ed474-1151-499f-8279-c3198d0cbdd2 (HUMAN)", "action_flag": 3, "change_message": ""}}, {"model": "admin.logentry", "pk": 8, "fields": {"action_time": "2026-04-01T05:39:28.193Z", "user": 1, "content_type": 2, "object_id": "4", "object_repr": "Image b491cd62-bfc6-4d1c-a844-737f9f051a11 (HUMAN)", "action_flag": 3, "change_message": ""}}, {"model": "admin.logentry", "pk": 9, "fields": {"action_time": "2026-04-01T05:39:28.193Z", "user": 1, "content_type": 2, "object_id": "2", "object_repr": "Image 6b72c362-7311-4771-94f5-2f8198fdf803 (HUMAN)", "action_flag": 3, "change_message": ""}}, {"model": "admin.logentry", "pk": 10, "fields": {"action_time": "2026-04-01T05:39:46.767Z", "user": 1, "content_type": 4, "object_id": "13", "object_repr": "1 1 2 3 4 5 6 7 8 9 10 11 12 13 14 15 16 17 18 19 20 21 22 23 24 25 26 27 28 29 30 31 32 33 34 35 36 37 38 39 40 41 42 43 44 45 46 47 48 49 50 51 52 53 54 55 56 57 58 59", "action_flag": 3, "change_message": ""}}, {"model": "admin.logentry", "pk": 11, "fields": {"action_time": "2026-04-01T05:44:48.738Z", "user": 1, "content_type": 2, "object_id": "7", "object_repr": "Image a38e52ad-36f2-4569-be6b-1afaacd5cd46 (HUMAN)", "action_flag": 3, "change_message": ""}}, {"model": "admin.logentry", "pk": 12, "fields": {"action_time": "2026-04-01T05:57:13.605Z", "user": 1, "content_type": 4, "object_id": "14", "object_repr": "or combination of a word; use the following as an example to describe what may be expected from one another in your own personal life (such that you will never encounter anyone who uses it). A descrip", "action_flag": 3, "change_message": ""}}, {"model": "admin.logentry", "pk": 13, "fields": {"action_time": "2026-04-01T23:18:27.066Z", "user": 1, "content_type": 2, "object_id": "25", "object_repr": "Image 9da621f6-9c8a-49ad-a34d-886274ffcae1 (HUMAN)", "action_flag": 2, "change_message": "[{\"added\": {\"name\": \"caption\", \"object\": \"Caption object (18)\"}}]"}}, {"model": "admin.logentry", "pk": 14, "fields": {"action_time": "2026-04-03T23:23:51.438Z", "user": 1, "content_type": 8, "object_id": "2", "object_repr": "dl_lab", "action_flag": 1, "change_message": "[{\"added\": {}}]"}}, {"model": "admin.logentry", "pk": 15, "fields": {"action_time": "2026-04-03T23:24:44.498Z", "user": 1, "content_type": 8, "object_id": "2", "object_repr": "dl_lab", "action_flag": 2, "change_message": "[{\"changed\": {\"fields\": [\"First name\", \"Last name\", \"Email address\", \"Superuser status\", \"User permissions\"]}}]"}}, {"model": "admin.logentry", "pk": 16, "fields": {"action_time": "2026-04-03T23:25:04.860Z", "user": 1, "content_type": 8, "object_id": "1", "object_repr": "db_lab", "action_flag": 2, "change_message": "[{\"changed\": {\"fields\": [\"First name\", \"Last name\", \"User permissions\"]}}]"}}, {"model": "auth.permission", "pk": 1, "fields": {"name": "Can add image store", "content_type": 2, "codename": "add_imagestore"}}, {"model": "auth.permission", "pk": 2, "fields": {"name": "Can change image store", "content_type": 2, "codename": "change_imagestore"}}, {"model": "auth.permission", "pk": 3, "fields": {"name": "Can delete image store", "content_type": 2, "codename": "delete_imagestore"}}, {"model": "auth.permission", "pk": 4, "fields": {"name": "Can view image store", "content_type": 2, "codename": "view_imagestore"}}, {"model": "auth.permission", "pk": 5, "fields": {"name": "Can add tag", "content_type": 4, "codename": "add_tag"}}, {"model": "auth.permission", "pk": 6, "fields": {"name": "Can change tag", "content_type": 4, "codename": "change_tag"}}, {"model": "auth.permission", "pk": 7, "fields": {"name": "Can delete tag", "content_type": 4, "codename": "delete_tag"}}, {"model": "auth.permission", "pk": 8, "fields": {"name": "Can view tag", "content_type": 4, "codename": "view_tag"}}, {"model": "auth.permission", "pk": 9, "fields": {"name": "Can add caption", "content_type": 1, "codename": "add_caption"}}, {"model": "auth.permission", "pk": 10, "fields": {"name": "Can change caption", "content_type": 1, "codename": "change_caption"}}, {"model": "auth.permission", "pk": 11, "fields": {"name": "Can delete caption", "content_type": 1, "codename": "delete_caption"}}, {"model": "auth.permission", "pk": 12, "fields": {"name": "Can view caption", "content_type": 1, "codename": "view_caption"}}, {"model": "auth.permission", "pk": 13, "fields": {"name": "Can add image tag", "content_type": 3, "codename": "add_imagetag"}}, {"model": "auth.permission", "pk": 14, "fields": {"name": "Can change image tag", "content_type": 3, "codename": "change_imagetag"}}, {"model": "auth.permission", "pk": 15, "fields": {"name": "Can delete image tag", "content_type": 3, "codename": "delete_imagetag"}}, {"model": "auth.permission", "pk": 16, "fields": {"name": "Can view image tag", "content_type": 3, "codename": "view_imagetag"}}, {"model": "auth.permission", "pk": 17, "fields": {"name": "Can add log entry", "content_type": 5, "codename": "add_logentry"}}, {"model": "auth.permission", "pk": 18, "fields": {"name": "Can change log entry", "content_type": 5, "codename": "change_logentry"}}, {"model": "auth.permission", "pk": 19, "fields": {"name": "Can delete log entry", "content_type": 5, "codename": "delete_logentry"}}, {"model": "auth.permission", "pk": 20, "fields": {"name": "Can view log entry", "content_type": 5, "codename": "view_logentry"}}, {"model": "auth.permission", "pk": 21, "fields": {"name": "Can add permission", "content_type": 7, "codename": "add_permission"}}, {"model": "auth.permission", "pk": 22, "fields": {"name": "Can change permission", "content_type": 7, "codename": "change_permission"}}, {"model": "auth.permission", "pk": 23, "fields": {"name": "Can delete permission", "content_type": 7, "codename": "delete_permission"}}, {"model": "auth.permission", "pk": 24, "fields": {"name": "Can view permission", "content_type": 7, "codename": "view_permission"}}, {"model": "auth.permission", "pk": 25, "fields": {"name": "Can add group", "content_type": 6, "codename": "add_group"}}, {"model": "auth.permission", "pk": 26, "fields": {"name": "Can change group", "content_type": 6, "codename": "change_group"}}, {"model": "auth.permission", "pk": 27, "fields": {"name": "Can delete group", "content_type": 6, "codename": "delete_group"}}, {"model": "auth.permission", "pk": 28, "fields": {"name": "Can view group", "content_type": 6, "codename": "view_group"}}, {"model": "auth.permission", "pk": 29, "fields": {"name": "Can add user", "content_type": 8, "codename": "add_user"}}, {"model": "auth.permission", "pk": 30, "fields": {"name": "Can change user", "content_type": 8, "codename": "change_user"}}, {"model": "auth.permission", "pk": 31, "fields": {"name": "Can delete user", "content_type": 8, "codename": "delete_user"}}, {"model": "auth.permission", "pk": 32, "fields": {"name": "Can view user", "content_type": 8, "codename": "view_user"}}, {"model": "auth.permission", "pk": 33, "fields": {"name": "Can add content type", "content_type": 9, "codename": "add_contenttype"}}, {"model": "auth.permission", "pk": 34, "fields": {"name": "Can change content type", "content_type": 9, "codename": "change_contenttype"}}, {"model": "auth.permission", "pk": 35, "fields": {"name": "Can delete content type", "content_type": 9, "codename": "delete_contenttype"}}, {"model": "auth.permission", "pk": 36, "fields": {"name": "Can view content type", "content_type": 9, "codename": "view_contenttype"}}, {"model": "auth.permission", "pk": 37, "fields": {"name": "Can add session", "content_type": 10, "codename": "add_session"}}, {"model": "auth.permission", "pk": 38, "fields": {"name": "Can change session", "content_type": 10, "codename": "change_session"}}, {"model": "auth.permission", "pk": 39, "fields": {"name": "Can delete session", "content_type": 10, "codename": "delete_session"}}, {"model": "auth.permission", "pk": 40, "fields": {"name": "Can view session", "content_type": 10, "codename": "view_session"}}, {"model": "auth.user", "pk": 1, "fields": {"password": "pbkdf2_sha256$1200000$LWagx44M0jzu0Ru2IO6fUK$BRU0JDiejtO6L/szthgqf5sLp/QUrPEJVuGjKGwr5vY=", "last_login": "2026-04-03T23:23:16Z", "is_superuser": true, "username": "db_lab", "first_name": "Akrash", "last_name": "Noman", "email": "itgprogaming42@gmail.com", "is_staff": true, "is_active": true, "date_joined": "2026-03-31T20:41:08Z", "groups": [], "user_permissions": [17, 18, 19, 20, 25, 26, 27, 28, 21, 22, 23, 24, 29, 30, 31, 32, 9, 10, 11, 12, 1, 2, 3, 4, 13, 14, 15, 16, 5, 6, 7, 8, 33, 34, 35, 36, 37, 38, 39, 40]}}, {"model": "auth.user", "pk": 2, "fields": {"password": "pbkdf2_sha256$1200000$W4RSIuOLh64UjXIkzIrbsu$QgigCfuan+6DJVjDFpZ5dE3mjIG3xvEogRybRx1FXFE=", "last_login": null, "is_superuser": true, "username": "dl_lab", "first_name": "Akrash", "last_name": "Noman", "email": "itgprogaming42@gmail.com", "is_staff": false, "is_active": true, "date_joined": "2026-04-03T23:23:50Z", "groups": [], "user_permissions": [17, 18, 19, 20, 25, 26, 27, 28, 21, 22, 23, 24, 29, 30, 31, 32, 9, 10, 11, 12, 1, 2, 3, 4, 13, 14, 15, 16, 5, 6, 7, 8, 33, 34, 35, 36, 37, 38, 39, 40]}}, {"model": "contenttypes.contenttype", "pk": 1, "fields": {"app_label": "backend", "model": "caption"}}, {"model": "contenttypes.contenttype", "pk": 2, "fields": {"app_label": "backend", "model": "imagestore"}}, {"model": "contenttypes.contenttype", "pk": 3, "fields": {"app_label": "backend", "model": "imagetag"}}, {"model": "contenttypes.contenttype", "pk": 4, "fields": {"app_label": "backend", "model": "tag"}}, {"model": "contenttypes.contenttype", "pk": 5, "fields": {"app_label": "admin", "model": "logentry"}}, {"model": "contenttypes.contenttype", "pk": 6, "fields": {"app_label": "auth", "model": "group"}}, {"model": "contenttypes.contenttype", "pk": 7, "fields": {"app_label": "auth", "model": "permission"}}, {"model": "contenttypes.contenttype", "pk": 8, "fields": {"app_label": "auth", "model": "user"}}, {"model": "contenttypes.contenttype", "pk": 9, "fields": {"app_label": "contenttypes", "model": "contenttype"}}, {"model": "contenttypes.contenttype", "pk": 10, "fields": {"app_label": "sessions", "model": "session"}}, {"model": "sessions.session", "pk": "grgn864zs7sdukrg3io552w3m8lknohi", "fields": {"session_data": ".eJxVjEsOgjAUAO_y1qahH4pl6Z4zNO_TWtSUhMLKeHdDwkK3M5N5Q8R9K3FvaY2zwAgaLr-MkJ-pHkIeWO-L4qVu60zqSNRpm5oWSa_b2f4NCrYCI2QS0ZxsdoS9ZTFsEL3rUAI7nT1i5t5zYDbaZkE7dJwthUAD8dVZ-HwBMbQ5mg:1w8nrA:EfGa8sywlQGMNpqf1kT_b-Lqa-F9aaROpwiZ7_zwiFc", "expire_date": "2026-04-17T23:23:16.184Z"}}, {"model": "sessions.session", "pk": "rqdtlullxcw091phzrj7zdon3pwkej70", "fields": {"session_data": ".eJxVjEsOgjAUAO_y1qahH4pl6Z4zNO_TWtSUhMLKeHdDwkK3M5N5Q8R9K3FvaY2zwAgaLr-MkJ-pHkIeWO-L4qVu60zqSNRpm5oWSa_b2f4NCrYCI2QS0ZxsdoS9ZTFsEL3rUAI7nT1i5t5zYDbaZkE7dJwthUAD8dVZ-HwBMbQ5mg:1w7fvY:Gz3afpZtIwBhC-w1e0EMqjNOXEMry5ycg7nMyIRCfs0", "expire_date": "2026-04-14T20:43:08.738Z"}}, {"model": "sessions.session", "pk": "xnm7gv59bll20nzkz3fl78dy5wi91aom", "fields": {"session_data": ".eJxVjEsOgjAUAO_y1qahH4pl6Z4zNO_TWtSUhMLKeHdDwkK3M5N5Q8R9K3FvaY2zwAgaLr-MkJ-pHkIeWO-L4qVu60zqSNRpm5oWSa_b2f4NCrYCI2QS0ZxsdoS9ZTFsEL3rUAI7nT1i5t5zYDbaZkE7dJwthUAD8dVZ-HwBMbQ5mg:1w7fvX:rPH46r77YGam7ZFvX8UMthOHJR0YADkAK3klHkPT8wg", "expire_date": "2026-04-14T20:43:07.074Z"}}]
